...And You Will Know Us by the Trail of Dead,https://lastfm.freetls.fastly.net/i/u/avatar170s/1c5bef4f14054cd7a74de68635a071b5.jpg
A Bullet for Pretty Boy,https://lastfm.freetls.fastly.net/i/u/avatar170s/3335659515504c219f1b5911ce0bf9a3.jpg
A Place to Bury Strangers,https://lastfm.freetls.fastly.net/i/u/avatar170s/74b87e1fd6444b289d6c9c9776d3d452.jpg
A Silent Film,https://lastfm.freetls.fastly.net/i/u/avatar170s/4965336de4e74527bcc1eca3ecaa9d71.jpg
Abandon All Ships,https://lastfm.freetls.fastly.net/i/u/avatar170s/ea842f8b0abd45d2aeac1e7067c5f9c1.jpg
Acid Dad,https://lastfm.freetls.fastly.net/i/u/avatar170s/fdaf5c097a39b4a5685ba077b675c62c.jpg
Aero Flynn,https://lastfm.freetls.fastly.net/i/u/avatar170s/29712329c83347a2c763b099d32aa835.jpg
Against Me!,https://lastfm.freetls.fastly.net/i/u/avatar170s/3817bd470aaf434bc3427323188d6055.jpg
Alberta Cross,https://lastfm.freetls.fastly.net/i/u/avatar170s/64f6df9294734b4a97162be5bfdde60c.jpg
Alesana,https://lastfm.freetls.fastly.net/i/u/avatar170s/23478d7839734a7ba731d0d0f5d98eb3.jpg
Alice Phoebe Lou,https://lastfm.freetls.fastly.net/i/u/avatar170s/e04f5623b5e09564999df7862add5eb7.jpg
Amaru Tribe,https://lastfm.freetls.fastly.net/i/u/avatar170s/0be608903c4f6128d3e6446c8ba6a55c.jpg
Amateur Radio Operator,https://lastfm.freetls.fastly.net/i/u/avatar170s/3da9761d066e427cb4fa90e485154da9.jpg
Anberlin,https://lastfm.freetls.fastly.net/i/u/avatar170s/8ceeb8578fd044218265b085c5ea11d8.jpg
And the Kids,https://lastfm.freetls.fastly.net/i/u/avatar170s/5c2472bd984849f1c9cf3a838dd56624.jpg
Apocalyptica,https://lastfm.freetls.fastly.net/i/u/avatar170s/23e1396f7843451a88efd287d0ba5de8.jpg
Arcade Fire,https://lastfm.freetls.fastly.net/i/u/avatar170s/9c27b0c51d0f4270afbe4342fb3efc17.jpg
Arlie,https://lastfm.freetls.fastly.net/i/u/avatar170s/f5a36f19f38d661ecdc593507905950d.jpg
Asking Alexandria,https://lastfm.freetls.fastly.net/i/u/avatar170s/18ef779f9f734e4885e8371c11cd0a59.jpg
Augustana,https://lastfm.freetls.fastly.net/i/u/avatar170s/c27c32f4cf554b48bd75a1b4ce749209.jpg
Autovaughn,https://lastfm.freetls.fastly.net/i/u/avatar170s/bd9e00c4d0d84d36be4635f362bb7fdd.jpg
Balance and Composure,https://lastfm.freetls.fastly.net/i/u/avatar170s/cfd3e09149f44a6d809bd3c5d1275515.jpg
Band of Skulls,https://lastfm.freetls.fastly.net/i/u/avatar170s/056a2842884e47aac74e5cbd0d8eccf3.jpg
Ben Kweller,https://lastfm.freetls.fastly.net/i/u/avatar170s/0abdfb893fa94102b7d26f6268f95113.jpg
Ben Sollee,https://lastfm.freetls.fastly.net/i/u/avatar170s/03c95e06ec954a8f8ff921f5d82f8af3.jpg
Best Coast,https://lastfm.freetls.fastly.net/i/u/avatar170s/3badc1363ead5179465270df4b84c6b4.jpg
Black Tabs,https://lastfm.freetls.fastly.net/i/u/avatar170s/1007ec1ab98640c298f9f48de5ec75ff.jpg
Blank Range,https://lastfm.freetls.fastly.net/i/u/avatar170s/2e54286ed22c9ee7f70266c80d35c967.jpg
Blitzen Trapper,https://lastfm.freetls.fastly.net/i/u/avatar170s/84ca463122ec480188f4d829b211becd.jpg
Blue Light Curtain,https://lastfm.freetls.fastly.net/i/u/avatar170s/3b8fdcca65244644988a0d756cdee691.jpg
Blue Scholars,https://lastfm.freetls.fastly.net/i/u/avatar170s/fbe745465b64477e9d2b321f6af563be.jpg
Blue Sky Riders,https://lastfm.freetls.fastly.net/i/u/avatar170s/f6f50601910e446e91528005e9c517a2.jpg
Bob Schneider,https://lastfm.freetls.fastly.net/i/u/avatar170s/8f23c03e0fc8458bb80333afb983c68a.jpg
boots,https://lastfm.freetls.fastly.net/i/u/avatar170s/94d54acd1f07477ec7119267f09af42c.jpg
Boy Azooga,https://lastfm.freetls.fastly.net/i/u/avatar170s/5adee98c946e64bf9ccb15891e565f25.jpg
Boy Scouts,https://lastfm.freetls.fastly.net/i/u/avatar170s/4627e363ed07380b27d296a64f931987.jpg
Brickwaller,https://lastfm.freetls.fastly.net/i/u/avatar170s/1067b48a96da46518efa6ef0251b8454.jpg
Bright Eyes,https://lastfm.freetls.fastly.net/i/u/avatar170s/2c7b4e08bf08486b96235bbf57cc9293.jpg
Broncho,https://lastfm.freetls.fastly.net/i/u/avatar170s/d79a0f58cc4e953bfbba90c7c6c5a18c.jpg
Bronze Fawn,https://lastfm.freetls.fastly.net/i/u/avatar170s/b6b58d72ed0e4e1cb0c9f7d933d984c4.jpg
Built to Spill,https://lastfm.freetls.fastly.net/i/u/avatar170s/835019ba6ad44af3a40cfe6783366588.jpg
Capgun Coup,https://lastfm.freetls.fastly.net/i/u/avatar170s/fc8a43431876492f82f2b211430d22a8.jpg
Carrie Rodriguez,https://lastfm.freetls.fastly.net/i/u/avatar170s/ada168f06fac40319c548f9b71fd3ed7.jpg
Castlecomer,https://lastfm.freetls.fastly.net/i/u/avatar170s/367f07685785f8b0f1e7d97041b4c8cb.jpg
Charli XCX,https://lastfm.freetls.fastly.net/i/u/avatar170s/e3fb5a19c7858271aaa557eac3aa2195.jpg
Cheerleader,https://lastfm.freetls.fastly.net/i/u/avatar170s/be610a97896e4369c308c771bd454df0.jpg
Cheers Elephant,https://lastfm.freetls.fastly.net/i/u/avatar170s/34d435e05e3b443c9e4e4b4033cea9ad.jpg
Chiodos,https://lastfm.freetls.fastly.net/i/u/avatar170s/8d59aab670384bc1cbb014f27724c88c.jpg
CHVRCHES,https://lastfm.freetls.fastly.net/i/u/avatar170s/80618a4f69403577c8df5e8a40c6c1c2.jpg
Circa Survive,https://lastfm.freetls.fastly.net/i/u/avatar170s/7ae536bc8c33b36dc415c6ff233621eb.jpg
Close to Home,https://lastfm.freetls.fastly.net/i/u/avatar170s/13696fff46ee45b3adc187ef7f165b96.jpg
Cobra Starship,https://lastfm.freetls.fastly.net/i/u/avatar170s/1f05830bcffc84dadcd7a0bfd30aedcd.jpg
Coheed and Cambria,https://lastfm.freetls.fastly.net/i/u/avatar170s/f2e5ba70b7a849b7848457c6accc31a6.jpg
Cold Fronts,https://lastfm.freetls.fastly.net/i/u/avatar170s/96fdcd92ee5ecd754900cff766d5938b.jpg
Colony House,https://lastfm.freetls.fastly.net/i/u/avatar170s/4d43e634ed69552b3adb9b12be4f2fdb.jpg
Conditions,https://lastfm.freetls.fastly.net/i/u/avatar170s/114a43677e0146a3b2c1eccca5380e78.jpg
Confide,https://lastfm.freetls.fastly.net/i/u/avatar170s/5976346db67f4bd69440573f7d2e0852.jpg
Copy,https://lastfm.freetls.fastly.net/i/u/avatar170s/89d4f095716b4e88b5826ceb3b74b761.jpg
Cotillon,https://lastfm.freetls.fastly.net/i/u/avatar170s/38ea03d764734231b90e4af93c4c45ac.jpg
Crocodiles,https://lastfm.freetls.fastly.net/i/u/avatar170s/4be4194a090e4d84a0eace9929090ea6.jpg
Daddy Issues,https://lastfm.freetls.fastly.net/i/u/avatar170s/6a4481e18d09a5e6cc805b24e9e747eb.jpg
Dance Gavin Dance,https://lastfm.freetls.fastly.net/i/u/avatar170s/43d7f4cc584c9e18bdd656af26a1f17b.jpg
Deep State,https://lastfm.freetls.fastly.net/i/u/avatar170s/691db53f1992bf5b871f1edfe4ed03d3.jpg
Delta Spirit,https://lastfm.freetls.fastly.net/i/u/avatar170s/a4bc0c152d9240f7b97d16986b60cb59.jpg
Diarrhea Planet,https://lastfm.freetls.fastly.net/i/u/avatar170s/610d73cfc6b6449bc491d8fdf5427e01.jpg
Disclosure,https://lastfm.freetls.fastly.net/i/u/avatar170s/b6666a08c5c7437b96aa440dd9ccb304.jpg
Displace,https://lastfm.freetls.fastly.net/i/u/avatar170s/73af6f6985ac22ea433e7f1ded64ac40.jpg
Durand Jones & The Indications,https://lastfm.freetls.fastly.net/i/u/avatar170s/bdf4224dab85aceec0e816b86041b1c5.jpg
D∆WN,https://lastfm.freetls.fastly.net/i/u/avatar170s/866830006aa6d45d47ea0aa610de7940.jpg
Eagles of Death Metal,https://lastfm.freetls.fastly.net/i/u/avatar170s/75b469143736fe6051acf6a943dd6ae3.jpg
Eisley,https://lastfm.freetls.fastly.net/i/u/avatar170s/606f66338f7546738fe5b4354eae8a9a.jpg
Elliot Jacobson,https://lastfm.freetls.fastly.net/i/u/avatar170s/52ca4cc5fc607ce49b5ef13fc0a19763.jpg
Emery,https://lastfm.freetls.fastly.net/i/u/avatar170s/42ac0c707a6bad0eba1331e89f3249fc.jpg
Emily Estefan,https://lastfm.freetls.fastly.net/i/u/avatar170s/08aa206d831ef8456cc4a7a0c976c093.jpg
Eminence Ensemble,https://lastfm.freetls.fastly.net/i/u/avatar170s/adbfb3c23e854d65cd4e9423b913eca2.jpg
Emmure,https://lastfm.freetls.fastly.net/i/u/avatar170s/8ef354480e7f910ea2b93d10c23ffdaf.jpg
Envy on the Coast,https://lastfm.freetls.fastly.net/i/u/avatar170s/4069932ecc4e4125b205626d1295c5a1.jpg
Evergreen Terrace,https://lastfm.freetls.fastly.net/i/u/avatar170s/d5819621b9754fdd967b9766f9cbdaf2.jpg
Family Force 5,https://lastfm.freetls.fastly.net/i/u/avatar170s/f7aa028cd54f421390af914508b43548.jpg
Family of the Year,https://lastfm.freetls.fastly.net/i/u/avatar170s/e524904217b3df905594620a6ef8ceb4.jpg
Flint Eastwood,https://lastfm.freetls.fastly.net/i/u/avatar170s/e34ef244aabe4e6cce042a248357e204.jpg
Fly Golden Eagle,https://lastfm.freetls.fastly.net/i/u/avatar170s/60222174047f8e79b2e226f779f9cfcf.jpg
Foxy Shazam,https://lastfm.freetls.fastly.net/i/u/avatar170s/08c23b7b82224aeb9ece953ba944e2d3.jpg
From First to Last,https://lastfm.freetls.fastly.net/i/u/avatar170s/04250ceca60554ca9fb0d971f2ec990d.jpg
Funeral for a Friend,https://lastfm.freetls.fastly.net/i/u/avatar170s/751b792855a846df912f9953792bae2a.jpg
Future Teens,https://lastfm.freetls.fastly.net/i/u/avatar170s/c951f3f907ae5737f4ee985ad8871572.jpg
G. Love,https://lastfm.freetls.fastly.net/i/u/avatar170s/861c51059ef8400c9e4305d594bb27a5.jpg
Gaelic Storm,https://lastfm.freetls.fastly.net/i/u/avatar170s/3fb9d1b5afe747e3a57a9bac18f0ed72.jpg
Gallant,https://lastfm.freetls.fastly.net/i/u/avatar170s/e8ee3f6e72fa9111294e94d4d5c2ae44.jpg
Girl Talk,https://lastfm.freetls.fastly.net/i/u/avatar170s/749070d5903b47e9b5e282636c4d3d32.jpg
Girls,https://lastfm.freetls.fastly.net/i/u/avatar170s/5193bb66118d4d0eafafb1951b34488e.jpg
Givers,https://lastfm.freetls.fastly.net/i/u/avatar170s/f71127a7c2f3446cbea012c980a80518.jpg
Glass Animals,https://lastfm.freetls.fastly.net/i/u/avatar170s/48a3cbae2081d2a29bc89d8d12aea4eb.jpg
Glass Cloud,https://lastfm.freetls.fastly.net/i/u/avatar170s/037ac9cded3e472b88ea6b9c31113dbc.jpg
Gold Connections,https://lastfm.freetls.fastly.net/i/u/avatar170s/56638c61fa63c95f40276b4a38057a49.jpg
Grieves,https://lastfm.freetls.fastly.net/i/u/avatar170s/4051941628594a6c86d33805e8a4fd4a.jpg
Grouplove,https://lastfm.freetls.fastly.net/i/u/avatar170s/185add279b234818a7d28ec5e946a0c4.jpg
Haiku Hands,https://lastfm.freetls.fastly.net/i/u/avatar170s/00c84cbe43ee597fd8a33f8f5ed59b4e.jpg
HAIM,https://lastfm.freetls.fastly.net/i/u/avatar170s/6f999d0c38f49e52f68e5c2daf7d27c0.jpg
Har Mar Superstar,https://lastfm.freetls.fastly.net/i/u/avatar170s/0ec3e3182cc14fe9922d7529efc11e75.jpg
Have Mercy,https://lastfm.freetls.fastly.net/i/u/avatar170s/5e7e7668513e42c5c244f3368000164d.jpg
Hawthorne Heights,https://lastfm.freetls.fastly.net/i/u/avatar170s/583d16fe8a474e60b4be6e1f418bc214.jpg
Helms Alee,https://lastfm.freetls.fastly.net/i/u/avatar170s/edf00609500f4125c1657bfa7067f683.jpg
Holiday Mountain,https://lastfm.freetls.fastly.net/i/u/avatar170s/d76e8c467fba67be017a1b4a252e23c2.jpg
Holychild,https://lastfm.freetls.fastly.net/i/u/avatar170s/e69f0ae7710aa212dccb329c1bee166b.jpg
Hot Flash Heat Wave,https://lastfm.freetls.fastly.net/i/u/avatar170s/f1559539491e365c2f478d130f03804b.jpg
Hundred Visions,https://lastfm.freetls.fastly.net/i/u/avatar170s/867ecafaead923a7764b3af9b2818c25.jpg
I Break Horses,https://lastfm.freetls.fastly.net/i/u/avatar170s/0ee7150e701d4f24ad38c41645ed3a4f.jpg
I Set My Friends on Fire,https://lastfm.freetls.fastly.net/i/u/avatar170s/36a134028fcf4218b84d1114e36d9449.jpg
Icona Pop,https://lastfm.freetls.fastly.net/i/u/avatar170s/a3e7dab01a169659faa728a1575f3f59.jpg
Idle Warship,https://lastfm.freetls.fastly.net/i/u/avatar170s/c8c3d4cfba464cec9d356d97162b933e.jpg
Imagine Dragons,https://lastfm.freetls.fastly.net/i/u/avatar170s/78a5362cd983c6de7e8b205e44b0f454.jpg
In Fear and Faith,https://lastfm.freetls.fastly.net/i/u/avatar170s/d4ca482094d5433bb46e62c77a903b02.jpg
In the Valley Below,https://lastfm.freetls.fastly.net/i/u/avatar170s/75399c6e444b4012a19cadbfe2afd19b.jpg
Ingrid Michaelson,https://lastfm.freetls.fastly.net/i/u/avatar170s/8661d784e5b6fe09f318d5a01134d1a5.jpg
Ishi,https://lastfm.freetls.fastly.net/i/u/avatar170s/edb9c038e92d41aac12c56ec4b3f2f9f.jpg
Ivoryline,https://lastfm.freetls.fastly.net/i/u/avatar170s/bfbbec9971734368836f259eb000af45.jpg
Jack Wilson,https://lastfm.freetls.fastly.net/i/u/avatar170s/8756112220184575c5f9e3306a87ac6d.jpg
Jackie Venson,https://lastfm.freetls.fastly.net/i/u/avatar170s/5147b3260fd69bec89770989b25e75da.jpg
JAHKOY,https://lastfm.freetls.fastly.net/i/u/avatar170s/9df52c5e7c508d2509bb95f7984a5c61.jpg
Jamestown Revival,https://lastfm.freetls.fastly.net/i/u/avatar170s/cf86da21356a210aa5f05c3ae5c362c1.jpg
Jamie N Commons,https://lastfm.freetls.fastly.net/i/u/avatar170s/2ef3262ccc8d2ecbd193ca846a2009d3.jpg
January Jane,https://lastfm.freetls.fastly.net/i/u/avatar170s/244d508e73d60e5de3d4f3e1288fe4f5.jpg
Jared & The Mill,https://lastfm.freetls.fastly.net/i/u/avatar170s/942610ae7a106f3753dc7d1bbcfe2471.jpg
Jay Som,https://lastfm.freetls.fastly.net/i/u/avatar170s/a406a4863e4993c439539705830b6802.jpg
Jenny Lewis,https://lastfm.freetls.fastly.net/i/u/avatar170s/e0888a8c900627c529a885c7c0205900.jpg
Jimmy Cliff,https://lastfm.freetls.fastly.net/i/u/avatar170s/f284e1ef1bea413394cc16a65da7aa29.jpg
Jimmy Eat World,https://lastfm.freetls.fastly.net/i/u/avatar170s/080dffe5e4d04fccb2ab514f1b63d786.jpg
Joshua Hedley,https://lastfm.freetls.fastly.net/i/u/avatar170s/81352355418caafb4aa7dab4236403c8.jpg
Just Loud,https://lastfm.freetls.fastly.net/i/u/avatar170s/6a325724942acc668c1c60cd1df7b758.jpg
K.Flay,https://lastfm.freetls.fastly.net/i/u/avatar170s/6219650883d1e743ccd7413b215449b4.jpg
Kane Strang,https://lastfm.freetls.fastly.net/i/u/avatar170s/3baa85d0ead1469bc66c7f2cf9149818.jpg
Kay Kay and His Weathered Underground,https://lastfm.freetls.fastly.net/i/u/avatar170s/f9f005bfa2844ef3b374682b9895c05c.jpg
Keeper,https://lastfm.freetls.fastly.net/i/u/avatar170s/29e8714e38b476fcd5af1abe42b5ba34.jpg
Kenny Loggins,https://lastfm.freetls.fastly.net/i/u/avatar170s/fb7eae37221efed611c4c849de61de1d.jpg
Kimya Dawson,https://lastfm.freetls.fastly.net/i/u/avatar170s/abf257e17f5c4791bec221bf831e004c.jpg
Kurt Vile & the Violators,https://lastfm.freetls.fastly.net/i/u/avatar170s/3e22eab291464f6d8c1646d45557412e.jpg
La Luz,https://lastfm.freetls.fastly.net/i/u/avatar170s/89a0e2bbf89c88212e06636ff4b9a73b.jpg
Ladytron,https://lastfm.freetls.fastly.net/i/u/avatar170s/1d67bb61879587b7be640e01a945a87c.jpg
Leon Bridges,https://lastfm.freetls.fastly.net/i/u/avatar170s/86486554992629600cb4ee1aed591f70.jpg
Leon Vynehall,https://lastfm.freetls.fastly.net/i/u/avatar170s/b996370c9e0c43093166f10b1dd6ebcb.jpg
LIGHTS,https://lastfm.freetls.fastly.net/i/u/avatar170s/8d109d466989ccc3c4bdc3d39f27fe41.jpg
Little Hurricane,https://lastfm.freetls.fastly.net/i/u/avatar170s/2a682994811d484b8e974589f243096c.jpg
Lunar Vacation,https://lastfm.freetls.fastly.net/i/u/avatar170s/2dd002ee05aea06371afdeba5412a82f.jpg
Lydia Loveless,https://lastfm.freetls.fastly.net/i/u/avatar170s/0ceff7aa3d501dddb253a4ac825c4bb2.jpg
Lykke Li,https://lastfm.freetls.fastly.net/i/u/avatar170s/e8ca7cd803c70deada6d68e92f184341.jpg
M83,https://lastfm.freetls.fastly.net/i/u/avatar170s/81b5cc07d8822d02546cbda7fd9fe61a.jpg
Macklemore,https://lastfm.freetls.fastly.net/i/u/avatar170s/b9f71bb9ecc718e1fd865a174aed5b27.jpg
Macklemore & Ryan Lewis,https://lastfm.freetls.fastly.net/i/u/avatar170s/0ca79390692a4cc3cccdfbed11b321fb.jpg
Madeon,https://lastfm.freetls.fastly.net/i/u/avatar170s/40fa2bc9d4009aac63c811b8a42d807c.jpg
Mal Devisa,https://lastfm.freetls.fastly.net/i/u/avatar170s/4a0c039b09d7274a19f34f6c3a57cdf7.jpg
Manchester Orchestra,https://lastfm.freetls.fastly.net/i/u/avatar170s/13f396b964084792a86c3ab616b0620c.jpg
Maria Taylor,https://lastfm.freetls.fastly.net/i/u/avatar170s/c974c04c0a0a4d80a5e2040367184774.jpg
Marmalakes,https://lastfm.freetls.fastly.net/i/u/avatar170s/61c9c6ab7e784ce4b3679ce524e2ecee.jpg
Mates of State,https://lastfm.freetls.fastly.net/i/u/avatar170s/e5dc089e455f4cd0ac9d051f767e380d.jpg
Mating Ritual,https://lastfm.freetls.fastly.net/i/u/avatar170s/4f9286f03a9006d78059bf099867c0a1.jpg
Matt Costa,https://lastfm.freetls.fastly.net/i/u/avatar170s/d8f4b29cd914e5e0ebef8401f60c93c3.jpg
Maylene and the Sons of Disaster,https://lastfm.freetls.fastly.net/i/u/avatar170s/621ae68eb41f46dfa9cadd6d9212829e.jpg
Meg & Dia,https://lastfm.freetls.fastly.net/i/u/avatar170s/922986f64494662ec5d6a990589a043e.jpg
mewithoutYou,https://lastfm.freetls.fastly.net/i/u/avatar170s/2af42f1d2aa1990fb1b2cc6f16ee22af.jpg
Minus the Bear,https://lastfm.freetls.fastly.net/i/u/avatar170s/5a210c0704f540eda71f170a5135cb3b.jpg
Miss May I,https://lastfm.freetls.fastly.net/i/u/avatar170s/48787677b147cce38ec455ab2d9edf4a.jpg
MisterWives,https://lastfm.freetls.fastly.net/i/u/avatar170s/18084634e82c27571e7f537f233e5aff.jpg
Mobley,https://lastfm.freetls.fastly.net/i/u/avatar170s/994c02183e5848a99ce5ef4b175cc158.jpg
Modern English,https://lastfm.freetls.fastly.net/i/u/avatar170s/c40cc799b7d746c6b1c65be1e8eff348.jpg
Monarchs,https://lastfm.freetls.fastly.net/i/u/avatar170s/246b9b1ecb524ba79cbdc7682abb6c6e.jpg
Moneen,https://lastfm.freetls.fastly.net/i/u/avatar170s/c8d02ce7b40a4a56a93dbd3bb8f4a568.jpg
Moon Taxi,https://lastfm.freetls.fastly.net/i/u/avatar170s/027afda50da3177cb0808b28e94b56ee.jpg
Mother Falcon,https://lastfm.freetls.fastly.net/i/u/avatar170s/b4c523f210af2717bcef95f62ebae363.jpg
Mouth of the Architect,https://lastfm.freetls.fastly.net/i/u/avatar170s/97cead2507ab4acdb00a6ab0f104d4ac.jpg
Moving Mountains,https://lastfm.freetls.fastly.net/i/u/avatar170s/04a31063514149549ecbdcdfe518570c.jpg
MOVING PANORAMAS,https://lastfm.freetls.fastly.net/i/u/avatar170s/61038ed80948ebb287ff1d336b3bc85d.jpg
Music Band,https://lastfm.freetls.fastly.net/i/u/avatar170s/3c5566f2dbbd20bd1c0de6d854c757de.jpg
MUTEMATH,https://lastfm.freetls.fastly.net/i/u/avatar170s/dd9c5372e5f143e5b52ffce6c0ae834b.jpg
Muuy Biien,https://lastfm.freetls.fastly.net/i/u/avatar170s/8fd9ee2591cb40bbb32649f24810c371.jpg
My Brightest Diamond,https://lastfm.freetls.fastly.net/i/u/avatar170s/5fe310c0f28a45e4ab1c3b02df344873.jpg
Naked Giants,https://lastfm.freetls.fastly.net/i/u/avatar170s/1d266e3bd1059f2b2bb69fe653744294.jpg
Natalie Portman's Shaved Head,https://lastfm.freetls.fastly.net/i/u/avatar170s/dc33460bf1234ab8a22333315b4c9890.jpg
Neon Indian,https://lastfm.freetls.fastly.net/i/u/avatar170s/cfda93a5f0284e7ea14c180ea2b53e6b.jpg
New Faces,https://lastfm.freetls.fastly.net/i/u/avatar170s/0867921b6352426b93719ca661ea8bbb.jpg
Night Drive,https://lastfm.freetls.fastly.net/i/u/avatar170s/ca8aa3c8acbc4c4f9986a2cd77b5aad1.jpg
Night Moves,https://lastfm.freetls.fastly.net/i/u/avatar170s/8eb853c0fdbc44999bd50b69bf485920.jpg
Nnamdi Ogbonnaya,https://lastfm.freetls.fastly.net/i/u/avatar170s/38c71c805c06cc9b69deae95f40d5e2f.jpg
NO,https://lastfm.freetls.fastly.net/i/u/avatar170s/3fa8b3c517074e53ce9835e4363fadbf.jpg
Of Monsters and Men,https://lastfm.freetls.fastly.net/i/u/avatar170s/3ab43a854236b6f734e9f2af82e20eb5.jpg
"Oh, Sleeper",https://lastfm.freetls.fastly.net/i/u/avatar170s/2d0b06ff26ae4d24a2e9ebf63c844de4.jpg
Orthy,https://lastfm.freetls.fastly.net/i/u/avatar170s/1c0ad1f100aa4644b12ac2d416cb3f61.jpg
oso oso,https://lastfm.freetls.fastly.net/i/u/avatar170s/28bb7f8d1a070913fb316a0f72775f15.jpg
Our Last Night,https://lastfm.freetls.fastly.net/i/u/avatar170s/0bdb5e52a9273d1fac2b54c49c39d07f.jpg
Panama Wedding,https://lastfm.freetls.fastly.net/i/u/avatar170s/a8e4fe0af84b45b0c5e040d441dbd3e4.jpg
Paramore,https://lastfm.freetls.fastly.net/i/u/avatar170s/fbfa0b5940b9866be2c164760e203592.jpg
Parlour Tricks,https://lastfm.freetls.fastly.net/i/u/avatar170s/773e6ff1f254413fb76b4f126819af0c.jpg
Party Nails,https://lastfm.freetls.fastly.net/i/u/avatar170s/e795312f1ce37ed785bb4d239d0628d3.jpg
Pash,https://lastfm.freetls.fastly.net/i/u/avatar170s/65dedae7ff244033ac741fe6ff68e2eb.jpg
Passenger,https://lastfm.freetls.fastly.net/i/u/avatar170s/ba7beedc8283b04f9ed10e1eb41ab3e2.jpg
Past Lives,https://lastfm.freetls.fastly.net/i/u/avatar170s/7390018319604b7a992603620cf47a91.jpg
Pedro the Lion,https://lastfm.freetls.fastly.net/i/u/avatar170s/2fc513692532423ebc3e91e2d72f92f7.jpg
Phantogram,https://lastfm.freetls.fastly.net/i/u/avatar170s/37e7fae0b7384e916dfe66e07923bddd.jpg
Phantom Planet,https://lastfm.freetls.fastly.net/i/u/avatar170s/7233260aa2cc425c9d4a5a91580835dc.jpg
Poliça,https://lastfm.freetls.fastly.net/i/u/avatar170s/9c271b52b56cec6360459b165ba6ad53.jpg
Portugal. The Man,https://lastfm.freetls.fastly.net/i/u/avatar170s/8af6d0a32e144074b069a764166b32e9.jpg
Purity Ring,https://lastfm.freetls.fastly.net/i/u/avatar170s/134d0814c24ab1d6f5dd2bc47a7cc077.jpg
PVRIS,https://lastfm.freetls.fastly.net/i/u/avatar170s/c14b961701613b3097e67d8ca4c3e785.jpg
Quiet Company,https://lastfm.freetls.fastly.net/i/u/avatar170s/198e4893c12f4d7296be50ed6392bc81.jpg
Ra Ra Riot,https://lastfm.freetls.fastly.net/i/u/avatar170s/f99e4c42f9f447ff95074a774924b5c0.jpg
Real Estate,https://lastfm.freetls.fastly.net/i/u/avatar170s/bfc8089c0e81f213c425563b013a5c2f.jpg
Reggie and the Full Effect,https://lastfm.freetls.fastly.net/i/u/avatar170s/62620d3333fe4a9980cd873dd2892ee7.jpg
Robbery Inc.,https://lastfm.freetls.fastly.net/i/u/avatar170s/dbd802e8eb2b80cf9f30ef3d91bc5195.jpg
Robert Delong,https://lastfm.freetls.fastly.net/i/u/avatar170s/ad53f2813be6461983c587e20f370715.jpg
Robert Ellis,https://lastfm.freetls.fastly.net/i/u/avatar170s/9d30f6034ba53883dd88fee96f6f4150.jpg
Roto's Magic Act,https://lastfm.freetls.fastly.net/i/u/avatar170s/527d2c7e28b14ec6cee364e5823f4d02.jpg
Russian Circles,https://lastfm.freetls.fastly.net/i/u/avatar170s/b8f6b469799e41ea846734b410af3848.jpg
SALES,https://lastfm.freetls.fastly.net/i/u/avatar170s/552272d4f03055fb4192bb9fc5382ac2.jpg
Sam Doores + Riley Downing & the Tumbleweeds,https://lastfm.freetls.fastly.net/i/u/avatar170s/f1960b078b6344569c4465f79262eac4.jpg
Sam Roberts,https://lastfm.freetls.fastly.net/i/u/avatar170s/88ab6d61812d430bac3747d4bcf6b5c7.jpg
Sammus,https://lastfm.freetls.fastly.net/i/u/avatar170s/c2a8cab6f0204a41a7e51940cab193e2.jpg
Saosin,https://lastfm.freetls.fastly.net/i/u/avatar170s/9242bcbfb3e04b95b989db036751d3ca.jpg
Say Anything,https://lastfm.freetls.fastly.net/i/u/avatar170s/515d820c22df4e8aaa30e3860d8f9779.jpg
Scars on 45,https://lastfm.freetls.fastly.net/i/u/avatar170s/ea182f26b00b7c5cb0cce26e6908eeb7.jpg
Scott Patterson's SMITHRADIO,https://lastfm.freetls.fastly.net/i/u/avatar170s/9a295c1b68381d9a5c2d8216bac11687.jpg
Senses Fail,https://lastfm.freetls.fastly.net/i/u/avatar170s/f97d603264bde78810284628c6d61b94.jpg
Sigur Rós,https://lastfm.freetls.fastly.net/i/u/avatar170s/2eb8f8238d124aebbc7acbd2cc84ed39.jpg
Silent Diane,https://lastfm.freetls.fastly.net/i/u/avatar170s/c4c4975500674c63bb43a36cafe60915.jpg
Silverstein,https://lastfm.freetls.fastly.net/i/u/avatar170s/14a0b32497d293275f06f9f452b89c8b.jpg
Sip Sip,https://lastfm.freetls.fastly.net/i/u/avatar170s/c692119edcab4c33b8d084b10dfffd6d.jpg
Sister Sparrow and The Dirty Birds,https://lastfm.freetls.fastly.net/i/u/avatar170s/57e0dec26b274769820b69e3f930d673.jpg
Sky Eats Airplane,https://lastfm.freetls.fastly.net/i/u/avatar170s/c042b07144e24469b76a40fad334dada.jpg
Sky Ferreira,https://lastfm.freetls.fastly.net/i/u/avatar170s/80fb450c5dca1c7896bc4e016a7fc18a.jpg
Skylar Spence,https://lastfm.freetls.fastly.net/i/u/avatar170s/6a81ed52efb2b114573bb958e5414c3e.jpg
Sleepy Eyes of Death,https://lastfm.freetls.fastly.net/i/u/avatar170s/c5344771476940899dc93301261265c5.jpg
Sleigh Bells,https://lastfm.freetls.fastly.net/i/u/avatar170s/584ef06dd6434484c4f27ff450509610.jpg
Smile Brigade,https://lastfm.freetls.fastly.net/i/u/avatar170s/6fd72d64bd6c4bcaa00930db2c23ffc5.jpg
Sontalk,https://lastfm.freetls.fastly.net/i/u/avatar170s/557b88bb047f1a664ee632359f9b7efb.jpg
Souvenirs,https://lastfm.freetls.fastly.net/i/u/avatar170s/21120f81f4b5493eab86244c89d649bd.jpg
Spoon,https://lastfm.freetls.fastly.net/i/u/avatar170s/722981f22ffb0674fd038d6fb69e4c05.jpg
Stars,https://lastfm.freetls.fastly.net/i/u/avatar170s/3c82297145fb40b39b9795810f04071d.jpg
Stereo is a Lie,https://lastfm.freetls.fastly.net/i/u/avatar170s/9421bd4ce89e498c8f98854c8724b4cc.jpg
Streets of Laredo,https://lastfm.freetls.fastly.net/i/u/avatar170s/f8454497af53463c970f567179cfe876.jpg
STRFKR,https://lastfm.freetls.fastly.net/i/u/avatar170s/ea986b28794a443dbd228183164504e0.jpg
Sun Seeker,https://lastfm.freetls.fastly.net/i/u/avatar170s/e7d74068698a51e60a126ab2b04828fe.jpg
Surfer Blood,https://lastfm.freetls.fastly.net/i/u/avatar170s/9068a2a4f3fd6283382155d2b6449866.jpg
SURVIVE,https://lastfm.freetls.fastly.net/i/u/avatar170s/6cc1ba5b3064443e9e83d52d28215534.jpg
Syml,https://lastfm.freetls.fastly.net/i/u/avatar170s/b6e09cb1ffaec007bb967962f5c662a4.jpg
Tera Melos,https://lastfm.freetls.fastly.net/i/u/avatar170s/5ceafc6f132c49ce99e0499e88f650b7.jpg
The 1975,https://lastfm.freetls.fastly.net/i/u/avatar170s/ff13d20e6830f726d6bcb16b8f6c5f6c.jpg
The Almost,https://lastfm.freetls.fastly.net/i/u/avatar170s/a800e89457304abb8cb8c1bdeec71980.jpg
The Black and White Years,https://lastfm.freetls.fastly.net/i/u/avatar170s/a1abcc1a7ac8a97cfb0af814c95570a3.jpg
The Britanys,https://lastfm.freetls.fastly.net/i/u/avatar170s/3d96fa23ebf967d54ed1193bbd3e57d8.jpg
The Commonheart,https://lastfm.freetls.fastly.net/i/u/avatar170s/430a41c935a87ca64b56bd68d99b96f7.jpg
The Cringe,https://lastfm.freetls.fastly.net/i/u/avatar170s/7c85159420181a57d3511d6e2457aa95.jpg
The Dear Hunter,https://lastfm.freetls.fastly.net/i/u/avatar170s/703ee0cbb6a16402f04aee131109fccd.jpg
The Decemberists,https://lastfm.freetls.fastly.net/i/u/avatar170s/824e8fe5aa46453499a8486d592b7a18.jpg
The Devil Wears Prada,https://lastfm.freetls.fastly.net/i/u/avatar170s/9df46b1ac9b9457790c7902d36c374e2.jpg
The Faint,https://lastfm.freetls.fastly.net/i/u/avatar170s/47a6632b86d7481aba7a2d3c855cd5b4.jpg
The Fall of Troy,https://lastfm.freetls.fastly.net/i/u/avatar170s/11a4dc53cb9d4865969b1453cf191a9c.jpg
The Head,https://lastfm.freetls.fastly.net/i/u/avatar170s/9ffa8ed36d8748d3baa2127dcdb70bfd.jpg
The Head and the Heart,https://lastfm.freetls.fastly.net/i/u/avatar170s/2c50aec4065c4947be519bd11f15aba8.jpg
The Hotelier,https://lastfm.freetls.fastly.net/i/u/avatar170s/381aaad5c7f3a9b4e4fd1f2398b25ced.jpg
The Lumineers,https://lastfm.freetls.fastly.net/i/u/avatar170s/932e74e767cf796f15f661eaf4984210.jpg
The Mastersons,https://lastfm.freetls.fastly.net/i/u/avatar170s/a81064a956ed4552be4782eb4ea139d9.jpg
The Mowgli's,https://lastfm.freetls.fastly.net/i/u/avatar170s/400bd3d8a5744b5ab106d851a2ddf003.jpg
The Naked and Famous,https://lastfm.freetls.fastly.net/i/u/avatar170s/dcf71910145719f05a2595fc5bb62e81.jpg
The Octopus Project,https://lastfm.freetls.fastly.net/i/u/avatar170s/c6e16f8310d143d5a27719d5925974b6.jpg
The Polyphonic Spree,https://lastfm.freetls.fastly.net/i/u/avatar170s/e7c2ce36dea948a69c12fd866a95ef38.jpg
The Revivalists,https://lastfm.freetls.fastly.net/i/u/avatar170s/1c45048c4d8a867bc93eba6bcb7362b4.jpg
The Saturday Knights,https://lastfm.freetls.fastly.net/i/u/avatar170s/07997f20025342189269b6025a88a335.jpg
The Sidekicks,https://lastfm.freetls.fastly.net/i/u/avatar170s/eccd608376e04f3dcfc00e8897862ce5.jpg
The Strumbellas,https://lastfm.freetls.fastly.net/i/u/avatar170s/a2342fcef705e57b324093a40b268328.jpg
The Teskey Brothers,https://lastfm.freetls.fastly.net/i/u/avatar170s/92d45b6d90a9b17bf15d8f7b89353597.jpg
The Tontons,https://lastfm.freetls.fastly.net/i/u/avatar170s/b8bc18c1a7ba4085a128307eb1470529.jpg
The Weeks,https://lastfm.freetls.fastly.net/i/u/avatar170s/d0414d37118e46968b3bf8a6c09dd642.jpg
The Whigs,https://lastfm.freetls.fastly.net/i/u/avatar170s/3ad6086adbb7441ba621dd79bd9eb310.jpg
The Whispertown 2000,https://lastfm.freetls.fastly.net/i/u/avatar170s/1619836fb5c84efe85b7da3d0384d08a.jpg
The White Oaks,https://lastfm.freetls.fastly.net/i/u/avatar170s/1ca71e8560b946f48d1e091373ebf959.jpg
The Wild Feathers,https://lastfm.freetls.fastly.net/i/u/avatar170s/f2b31e9f013648d0c8ce23f4f1cdd587.jpg
Theophilus London,https://lastfm.freetls.fastly.net/i/u/avatar170s/6da2792f29f04ba7a0a9c5d58ac7da57.jpg
These Arms are Snakes,https://lastfm.freetls.fastly.net/i/u/avatar170s/bc735be04a76432eb6ec6caf8e6ee243.jpg
Tilly and the Wall,https://lastfm.freetls.fastly.net/i/u/avatar170s/4135a45f715e4bbaa486c20336f8ca07.jpg
Topaz Jones,https://lastfm.freetls.fastly.net/i/u/avatar170s/c9fed0eb73e822556e9db1a6041db923.jpg
TORRES,https://lastfm.freetls.fastly.net/i/u/avatar170s/360a74bd0c1832df16547297eef74723.jpg
Train,https://lastfm.freetls.fastly.net/i/u/avatar170s/153a352d9a9647978d1e06472801c884.jpg
Travis,https://lastfm.freetls.fastly.net/i/u/avatar170s/3032d92673becf1b9f5ea36a74168748.jpg
tUnE-yArDs,https://lastfm.freetls.fastly.net/i/u/avatar170s/7a08604e05c118f70868bf519c0eae98.jpg
TV on the Radio,https://lastfm.freetls.fastly.net/i/u/avatar170s/5dee393b35cb508075cf989bc964535d.jpg
Twin Atlantic,https://lastfm.freetls.fastly.net/i/u/avatar170s/defe7843582f46dac651c7fae6407b19.jpg
Upon a Burning Body,https://lastfm.freetls.fastly.net/i/u/avatar170s/bc4afce329624ae8ca1a1dc8edda4de5.jpg
Varsity,https://lastfm.freetls.fastly.net/i/u/avatar170s/37137e69447e5d54f06d5e1419260621.jpg
Vinyl Thief,https://lastfm.freetls.fastly.net/i/u/avatar170s/7af7e46f448515799393cfd9e3811157.jpg
Vundabar,https://lastfm.freetls.fastly.net/i/u/avatar170s/6ee30d47620a0492b0d048937e708026.jpg
Walk the Moon,https://lastfm.freetls.fastly.net/i/u/avatar170s/1bd421fe39fdb241900cc352f8c3bc99.jpg
Walking Shapes,https://lastfm.freetls.fastly.net/i/u/avatar170s/c377861ecd0e45e0c5fbac6a47c4db6f.jpg
We Came As Romans,https://lastfm.freetls.fastly.net/i/u/avatar170s/21861a14a32dcc87c492420b14c85705.jpg
Wesafari,https://lastfm.freetls.fastly.net/i/u/avatar170s/da58d210a53e4fb0a0dd5ab6181b4782.jpg
Whiskey Shivers,https://lastfm.freetls.fastly.net/i/u/avatar170s/5626d082dfd440c3a089d1200a130ed0.jpg
Whitney Rose,https://lastfm.freetls.fastly.net/i/u/avatar170s/5a64fb523d9b48773de28d3d98abcb4a.jpg
Wild Cub,https://lastfm.freetls.fastly.net/i/u/avatar170s/f65124566c3a41c323c4434641cead83.jpg
Wild Sweet Orange,https://lastfm.freetls.fastly.net/i/u/avatar170s/b1e23258a88d4e8e80170fff5642be3c.jpg
Wildcat! Wildcat!,https://lastfm.freetls.fastly.net/i/u/avatar170s/c40c929ad46e43a2c3414f38112428b2.jpg
Willie Nelson,https://lastfm.freetls.fastly.net/i/u/avatar170s/164b7bbeffbc4ca698f761aa30098f13.jpg
YACHT,https://lastfm.freetls.fastly.net/i/u/avatar170s/3ef11065a5654f9fade71eff7f024f8e.jpg
Young Magic,https://lastfm.freetls.fastly.net/i/u/avatar170s/a785ac1876be420f9c63ad69cf84111e.jpg
Youngblood Hawke,https://lastfm.freetls.fastly.net/i/u/avatar170s/0f30c502afae452aaacc667bedb51dba.jpg
Your Smith,https://lastfm.freetls.fastly.net/i/u/avatar170s/41209aebfc5ba01072959c8f2734e732.jpg
