...And You Will Know Us by the Trail of Dead,https://lastfm.freetls.fastly.net/i/u/avatar170s/3d691edd36584c1f9d8085a3a80d3555.jpg
A Bullet for Pretty Boy,https://lastfm.freetls.fastly.net/i/u/avatar170s/19a2f5c80bde4033a776f745e6d487eb.jpg
A Place to Bury Strangers,https://lastfm.freetls.fastly.net/i/u/avatar170s/74b87e1fd6444b289d6c9c9776d3d452.jpg
A Silent Film,https://lastfm.freetls.fastly.net/i/u/avatar170s/b5fc78ce16ea48f2ba99c074ab90ebe2.jpg
Abandon All Ships,https://lastfm.freetls.fastly.net/i/u/avatar170s/40b636819f584a6d90eb500cf4fa2dc7.jpg
Acid Dad,https://lastfm.freetls.fastly.net/i/u/avatar170s/1b8ec3f532e1d58f3d013facecf6bc9c.jpg
Aero Flynn,https://lastfm.freetls.fastly.net/i/u/avatar170s/29712329c83347a2c763b099d32aa835.jpg
Against Me!,https://lastfm.freetls.fastly.net/i/u/avatar170s/472a5f8905d0f52265577107542a21d8.jpg
Alberta Cross,https://lastfm.freetls.fastly.net/i/u/avatar170s/64f6df9294734b4a97162be5bfdde60c.jpg
Alesana,https://lastfm.freetls.fastly.net/i/u/avatar170s/5f06f088bff44f05b02bfa855ffda8f2.jpg
Alice Phoebe Lou,https://lastfm.freetls.fastly.net/i/u/avatar170s/e04f5623b5e09564999df7862add5eb7.jpg
Amaru Tribe,https://lastfm.freetls.fastly.net/i/u/avatar170s/0be608903c4f6128d3e6446c8ba6a55c.jpg
Amateur Radio Operator,https://lastfm.freetls.fastly.net/i/u/avatar170s/3da9761d066e427cb4fa90e485154da9.jpg
Anberlin,https://lastfm.freetls.fastly.net/i/u/avatar170s/24168e7265e9b7159dcb807639e188e5.jpg
And the Kids,https://lastfm.freetls.fastly.net/i/u/avatar170s/5c2472bd984849f1c9cf3a838dd56624.jpg
Apocalyptica,https://lastfm.freetls.fastly.net/i/u/avatar170s/1609c5b561044c9a8b263dd8ea8bc350.jpg
Arcade Fire,https://lastfm.freetls.fastly.net/i/u/avatar170s/a4298fd0c63723fb5312b763be1c1200.jpg
Arlie,https://lastfm.freetls.fastly.net/i/u/avatar170s/c86f1b7d9749e6f3d21b15e8590ecdfb.jpg
Asking Alexandria,https://lastfm.freetls.fastly.net/i/u/avatar170s/f1ff207efb18c62dd90e5e6d1454bb9c.jpg
Augustana,https://lastfm.freetls.fastly.net/i/u/avatar170s/c27c32f4cf554b48bd75a1b4ce749209.jpg
Autovaughn,https://lastfm.freetls.fastly.net/i/u/avatar170s/951ec2eb67594c689c213fffbfd20be0.jpg
Balance and Composure,https://lastfm.freetls.fastly.net/i/u/avatar170s/cfd3e09149f44a6d809bd3c5d1275515.jpg
Band of Skulls,https://lastfm.freetls.fastly.net/i/u/avatar170s/056a2842884e47aac74e5cbd0d8eccf3.jpg
Ben Kweller,https://lastfm.freetls.fastly.net/i/u/avatar170s/0abdfb893fa94102b7d26f6268f95113.jpg
Ben Sollee,https://lastfm.freetls.fastly.net/i/u/avatar170s/03c95e06ec954a8f8ff921f5d82f8af3.jpg
Best Coast,https://lastfm.freetls.fastly.net/i/u/avatar170s/dc7cd0508a6c65c536ae1db491b54621.jpg
Black Tabs,https://lastfm.freetls.fastly.net/i/u/avatar170s/1007ec1ab98640c298f9f48de5ec75ff.jpg
Blank Range,https://lastfm.freetls.fastly.net/i/u/avatar170s/2e54286ed22c9ee7f70266c80d35c967.jpg
Blitzen Trapper,https://lastfm.freetls.fastly.net/i/u/avatar170s/84ca463122ec480188f4d829b211becd.jpg
Blue Light Curtain,https://lastfm.freetls.fastly.net/i/u/avatar170s/3b8fdcca65244644988a0d756cdee691.jpg
Blue Scholars,https://lastfm.freetls.fastly.net/i/u/avatar170s/9e2ea294185049de90e277f484e01ca8.jpg
Blue Sky Riders,https://lastfm.freetls.fastly.net/i/u/avatar170s/f6f50601910e446e91528005e9c517a2.jpg
Bob Schneider,https://lastfm.freetls.fastly.net/i/u/avatar170s/8f23c03e0fc8458bb80333afb983c68a.jpg
boots,https://lastfm.freetls.fastly.net/i/u/avatar170s/94d54acd1f07477ec7119267f09af42c.jpg
Boy Azooga,https://lastfm.freetls.fastly.net/i/u/avatar170s/b0b491aa61b8d9a42502fcd01e7f4742.jpg
Boy Scouts,https://lastfm.freetls.fastly.net/i/u/avatar170s/8d2c43fa4ceba9a2d1dea6c5e68cbd9a.jpg
Brickwaller,https://lastfm.freetls.fastly.net/i/u/avatar170s/1067b48a96da46518efa6ef0251b8454.jpg
Bright Eyes,https://lastfm.freetls.fastly.net/i/u/avatar170s/2c7b4e08bf08486b96235bbf57cc9293.jpg
Broncho,https://lastfm.freetls.fastly.net/i/u/avatar170s/d79a0f58cc4e953bfbba90c7c6c5a18c.jpg
Bronze Fawn,https://lastfm.freetls.fastly.net/i/u/avatar170s/b6b58d72ed0e4e1cb0c9f7d933d984c4.jpg
Built to Spill,https://lastfm.freetls.fastly.net/i/u/avatar170s/e24b3f5684754ead91e5c48614879d5a.jpg
Can't Swim,https://lastfm.freetls.fastly.net/i/u/avatar170s/8aa50294c830d5e79cc5180b4c778d6f.jpg
Capgun Coup,https://lastfm.freetls.fastly.net/i/u/avatar170s/fc8a43431876492f82f2b211430d22a8.jpg
Carrie Rodriguez,https://lastfm.freetls.fastly.net/i/u/avatar170s/ada168f06fac40319c548f9b71fd3ed7.jpg
Castlecomer,https://lastfm.freetls.fastly.net/i/u/avatar170s/367f07685785f8b0f1e7d97041b4c8cb.jpg
Charli XCX,https://lastfm.freetls.fastly.net/i/u/avatar170s/469ff26b0818ebafbaaf1b3979bc0dc1.jpg
Cheerleader,https://lastfm.freetls.fastly.net/i/u/avatar170s/be610a97896e4369c308c771bd454df0.jpg
Cheers Elephant,https://lastfm.freetls.fastly.net/i/u/avatar170s/34d435e05e3b443c9e4e4b4033cea9ad.jpg
Chiodos,https://lastfm.freetls.fastly.net/i/u/avatar170s/e9986efef5734d79998ba0e729998a83.jpg
CHVRCHES,https://lastfm.freetls.fastly.net/i/u/avatar170s/549fdbd0456f7496b98fc79e5720d293.jpg
Circa Survive,https://lastfm.freetls.fastly.net/i/u/avatar170s/70d0b8a92d654a91a92fa55e4be8049a.jpg
Close to Home,https://lastfm.freetls.fastly.net/i/u/avatar170s/13696fff46ee45b3adc187ef7f165b96.jpg
Cobra Starship,https://lastfm.freetls.fastly.net/i/u/avatar170s/5a4a689011a1358eea85f1aae20e03b7.jpg
Coheed and Cambria,https://lastfm.freetls.fastly.net/i/u/avatar170s/8e291c4e7fc50e0763f5e356e64e9277.jpg
Cold Fronts,https://lastfm.freetls.fastly.net/i/u/avatar170s/96fdcd92ee5ecd754900cff766d5938b.jpg
Colony House,https://lastfm.freetls.fastly.net/i/u/avatar170s/23bfe77ddc746c1477cf152a7440fead.jpg
Conditions,https://lastfm.freetls.fastly.net/i/u/avatar170s/114a43677e0146a3b2c1eccca5380e78.jpg
Confide,https://lastfm.freetls.fastly.net/i/u/avatar170s/3b1ae2e59b764e5c9130568659ecb74d.jpg
Copy,https://lastfm.freetls.fastly.net/i/u/avatar170s/89d4f095716b4e88b5826ceb3b74b761.jpg
Cotillon,https://lastfm.freetls.fastly.net/i/u/avatar170s/47a6bfea8ac754d056b626dd46fe96b3.jpg
Crocodiles,https://lastfm.freetls.fastly.net/i/u/avatar170s/5071c3263a8cd084fcbbb51f8781eebd.jpg
Daddy Issues,https://lastfm.freetls.fastly.net/i/u/avatar170s/6a4481e18d09a5e6cc805b24e9e747eb.jpg
Dance Gavin Dance,https://lastfm.freetls.fastly.net/i/u/avatar170s/83b7893d409527fcb1ee22132818b900.jpg
Deep State,https://lastfm.freetls.fastly.net/i/u/avatar170s/6e7741296588f4f027c92c0af7c6b468.jpg
Delta Spirit,https://lastfm.freetls.fastly.net/i/u/avatar170s/a4bc0c152d9240f7b97d16986b60cb59.jpg
Diarrhea Planet,https://lastfm.freetls.fastly.net/i/u/avatar170s/1bbbea585e82190a88715897d7d9be1c.jpg
Disclosure,https://lastfm.freetls.fastly.net/i/u/avatar170s/a39a2202db773a29fd042338e6cfa9d7.jpg
Displace,https://lastfm.freetls.fastly.net/i/u/avatar170s/73af6f6985ac22ea433e7f1ded64ac40.jpg
Durand Jones & The Indications,https://lastfm.freetls.fastly.net/i/u/avatar170s/fdc466785a738fac90c495b352893901.jpg
D∆WN,https://lastfm.freetls.fastly.net/i/u/avatar170s/866830006aa6d45d47ea0aa610de7940.jpg
Eagles of Death Metal,https://lastfm.freetls.fastly.net/i/u/avatar170s/0512a0c15a5f4eb7a1db0bfe92e83ec5.jpg
Eisley,https://lastfm.freetls.fastly.net/i/u/avatar170s/78e53102f11b4fcbad1ecd1f0a7e483a.jpg
Elliot Jacobson,https://lastfm.freetls.fastly.net/i/u/avatar170s/52ca4cc5fc607ce49b5ef13fc0a19763.jpg
Emery,https://lastfm.freetls.fastly.net/i/u/avatar170s/42ac0c707a6bad0eba1331e89f3249fc.jpg
Emily Estefan,https://lastfm.freetls.fastly.net/i/u/avatar170s/44206580b8a6967b5f0975d5270ea8b4.jpg
Eminence Ensemble,https://lastfm.freetls.fastly.net/i/u/avatar170s/adbfb3c23e854d65cd4e9423b913eca2.jpg
Emmure,https://lastfm.freetls.fastly.net/i/u/avatar170s/090af72d7ed22943a65a84ff64e0371f.jpg
Envy on the Coast,https://lastfm.freetls.fastly.net/i/u/avatar170s/7db2ae2acd0d4700bdd694439f23758d.jpg
Evergreen Terrace,https://lastfm.freetls.fastly.net/i/u/avatar170s/c64c45487b06441dc48246de55931504.jpg
Explosions in the Sky,https://lastfm.freetls.fastly.net/i/u/avatar170s/58cb4a6d55d2882b5dbd0444952dd853.jpg
Family Force 5,https://lastfm.freetls.fastly.net/i/u/avatar170s/d26df05c3a554a799238f80310ed2a8f.jpg
Family of the Year,https://lastfm.freetls.fastly.net/i/u/avatar170s/d71314c4f707ef0f8e273b1666e1e787.jpg
Flint Eastwood,https://lastfm.freetls.fastly.net/i/u/avatar170s/e34ef244aabe4e6cce042a248357e204.jpg
Fly Golden Eagle,https://lastfm.freetls.fastly.net/i/u/avatar170s/60222174047f8e79b2e226f779f9cfcf.jpg
Foxy Shazam,https://lastfm.freetls.fastly.net/i/u/avatar170s/573dbc3225ad4991948043459caea001.jpg
From First to Last,https://lastfm.freetls.fastly.net/i/u/avatar170s/969826b4e95743c9aea0924197cde817.jpg
Funeral for a Friend,https://lastfm.freetls.fastly.net/i/u/avatar170s/326edff21ee1079d40d816bca3143591.jpg
Future Teens,https://lastfm.freetls.fastly.net/i/u/avatar170s/c951f3f907ae5737f4ee985ad8871572.jpg
G. Love,https://lastfm.freetls.fastly.net/i/u/avatar170s/861c51059ef8400c9e4305d594bb27a5.jpg
Gaelic Storm,https://lastfm.freetls.fastly.net/i/u/avatar170s/3fb9d1b5afe747e3a57a9bac18f0ed72.jpg
Gallant,https://lastfm.freetls.fastly.net/i/u/avatar170s/735f81d34f403d5aa2492dd5562428b8.jpg
Girl Talk,https://lastfm.freetls.fastly.net/i/u/avatar170s/749070d5903b47e9b5e282636c4d3d32.jpg
Girls,https://lastfm.freetls.fastly.net/i/u/avatar170s/fae360d1b2184b5ba7740a41e4b8bc93.jpg
Givers,https://lastfm.freetls.fastly.net/i/u/avatar170s/f71127a7c2f3446cbea012c980a80518.jpg
Glass Animals,https://lastfm.freetls.fastly.net/i/u/avatar170s/c8a4fdcea09c4951c1ebefa5451d3d4a.jpg
Glass Cloud,https://lastfm.freetls.fastly.net/i/u/avatar170s/e84002e230a64f28b33f32117e79ee05.jpg
Gold Connections,https://lastfm.freetls.fastly.net/i/u/avatar170s/56638c61fa63c95f40276b4a38057a49.jpg
Grieves,https://lastfm.freetls.fastly.net/i/u/avatar170s/4051941628594a6c86d33805e8a4fd4a.jpg
Grouplove,https://lastfm.freetls.fastly.net/i/u/avatar170s/103941ceb536982e73106e534f11e42c.jpg
Haiku Hands,https://lastfm.freetls.fastly.net/i/u/avatar170s/fa6aa9336d31f47efb1bf6860eedd9eb.jpg
HAIM,https://lastfm.freetls.fastly.net/i/u/avatar170s/ac82c10cc13b7de675578f70c119a41b.jpg
Har Mar Superstar,https://lastfm.freetls.fastly.net/i/u/avatar170s/0ec3e3182cc14fe9922d7529efc11e75.jpg
Have Mercy,https://lastfm.freetls.fastly.net/i/u/avatar170s/5e7e7668513e42c5c244f3368000164d.jpg
Hawthorne Heights,https://lastfm.freetls.fastly.net/i/u/avatar170s/7deb169698eb14c6b57c507f93f03aa7.jpg
Helms Alee,https://lastfm.freetls.fastly.net/i/u/avatar170s/edf00609500f4125c1657bfa7067f683.jpg
Holiday Mountain,https://lastfm.freetls.fastly.net/i/u/avatar170s/d76e8c467fba67be017a1b4a252e23c2.jpg
Holychild,https://lastfm.freetls.fastly.net/i/u/avatar170s/e69f0ae7710aa212dccb329c1bee166b.jpg
Hot Flash Heat Wave,https://lastfm.freetls.fastly.net/i/u/avatar170s/69d8b944c53f305c8b04204d82743563.jpg
Hundred Visions,https://lastfm.freetls.fastly.net/i/u/avatar170s/867ecafaead923a7764b3af9b2818c25.jpg
I Break Horses,https://lastfm.freetls.fastly.net/i/u/avatar170s/956e046e831a4f3ead96401108b6c7e3.jpg
I Set My Friends on Fire,https://lastfm.freetls.fastly.net/i/u/avatar170s/c127fa2f318d45e5aa5203b41f6ad912.jpg
Icona Pop,https://lastfm.freetls.fastly.net/i/u/avatar170s/97f3cdfa15e0f5e63a074df7b2496f13.jpg
Idle Warship,https://lastfm.freetls.fastly.net/i/u/avatar170s/c8c3d4cfba464cec9d356d97162b933e.jpg
Imagine Dragons,https://lastfm.freetls.fastly.net/i/u/avatar170s/c6ac49c97e218f3ff3ea5069cca327b5.jpg
In Fear and Faith,https://lastfm.freetls.fastly.net/i/u/avatar170s/d4ca482094d5433bb46e62c77a903b02.jpg
In the Valley Below,https://lastfm.freetls.fastly.net/i/u/avatar170s/75399c6e444b4012a19cadbfe2afd19b.jpg
Ingrid Michaelson,https://lastfm.freetls.fastly.net/i/u/avatar170s/0650b1cf0e17f6ffeabd92ceecb2ba6c.jpg
Ishi,https://lastfm.freetls.fastly.net/i/u/avatar170s/edb9c038e92d41aac12c56ec4b3f2f9f.jpg
Ivoryline,https://lastfm.freetls.fastly.net/i/u/avatar170s/6cfd02b7ccd34507b2a06e258d9562b6.jpg
Jack Wilson,https://lastfm.freetls.fastly.net/i/u/avatar170s/8756112220184575c5f9e3306a87ac6d.jpg
Jackie Venson,https://lastfm.freetls.fastly.net/i/u/avatar170s/5e1fcc35537e2de4bb1db459dd15b6bb.jpg
JAHKOY,https://lastfm.freetls.fastly.net/i/u/avatar170s/9df52c5e7c508d2509bb95f7984a5c61.jpg
Jamestown Revival,https://lastfm.freetls.fastly.net/i/u/avatar170s/cf86da21356a210aa5f05c3ae5c362c1.jpg
Jamie N Commons,https://lastfm.freetls.fastly.net/i/u/avatar170s/de8d41d466918385765134894dd65df3.jpg
January Jane,https://lastfm.freetls.fastly.net/i/u/avatar170s/244d508e73d60e5de3d4f3e1288fe4f5.jpg
Jared & The Mill,https://lastfm.freetls.fastly.net/i/u/avatar170s/942610ae7a106f3753dc7d1bbcfe2471.jpg
Jay Som,https://lastfm.freetls.fastly.net/i/u/avatar170s/a406a4863e4993c439539705830b6802.jpg
Jenny Lewis,https://lastfm.freetls.fastly.net/i/u/avatar170s/bb0fc784369fb0771b2580e477bb79a5.jpg
Jimmy Cliff,https://lastfm.freetls.fastly.net/i/u/avatar170s/f284e1ef1bea413394cc16a65da7aa29.jpg
Jimmy Eat World,https://lastfm.freetls.fastly.net/i/u/avatar170s/e6df4035f7e14d618e6c99309711964f.jpg
Joshua Hedley,https://lastfm.freetls.fastly.net/i/u/avatar170s/81352355418caafb4aa7dab4236403c8.jpg
Just Loud,https://lastfm.freetls.fastly.net/i/u/avatar170s/6a325724942acc668c1c60cd1df7b758.jpg
K.Flay,https://lastfm.freetls.fastly.net/i/u/avatar170s/907d454140822872e3c75e9bd188bfa9.jpg
Kane Strang,https://lastfm.freetls.fastly.net/i/u/avatar170s/a6be1fbfee9d5a89ec5fc5ddb229cdae.jpg
Kay Kay and His Weathered Underground,https://lastfm.freetls.fastly.net/i/u/avatar170s/f9f005bfa2844ef3b374682b9895c05c.jpg
Keeper,https://lastfm.freetls.fastly.net/i/u/avatar170s/29e8714e38b476fcd5af1abe42b5ba34.jpg
Kenny Loggins,https://lastfm.freetls.fastly.net/i/u/avatar170s/fb7eae37221efed611c4c849de61de1d.jpg
Kimya Dawson,https://lastfm.freetls.fastly.net/i/u/avatar170s/cfa3503699fa4fb480f45e302aab6db3.jpg
Kurt Vile & the Violators,https://lastfm.freetls.fastly.net/i/u/avatar170s/3e22eab291464f6d8c1646d45557412e.jpg
La Luz,https://lastfm.freetls.fastly.net/i/u/avatar170s/e02a2c744b453d689be83971998ff81d.jpg
Ladytron,https://lastfm.freetls.fastly.net/i/u/avatar170s/e6ad696fece64a7486ea384965f1c644.jpg
Leon Bridges,https://lastfm.freetls.fastly.net/i/u/avatar170s/154a5d242b2fb2fb99686cdf8ac7fb50.jpg
Leon Vynehall,https://lastfm.freetls.fastly.net/i/u/avatar170s/653937035d837da1f25ab4719aa35d1b.jpg
LIGHTS,https://lastfm.freetls.fastly.net/i/u/avatar170s/bde927019565b2fe412722277fa529f3.jpg
Little Hurricane,https://lastfm.freetls.fastly.net/i/u/avatar170s/903513cb75fc4e2da751614e32890e6d.jpg
Lunar Vacation,https://lastfm.freetls.fastly.net/i/u/avatar170s/535874f838e5012e576c0c66de06519a.jpg
Lydia Loveless,https://lastfm.freetls.fastly.net/i/u/avatar170s/0ceff7aa3d501dddb253a4ac825c4bb2.jpg
Lykke Li,https://lastfm.freetls.fastly.net/i/u/avatar170s/e8ca7cd803c70deada6d68e92f184341.jpg
M83,https://lastfm.freetls.fastly.net/i/u/avatar170s/f896f7c89477409499b8305b9b658c23.jpg
Macklemore,https://lastfm.freetls.fastly.net/i/u/avatar170s/bbdc5970f16335813cac0455802357b7.jpg
Macklemore & Ryan Lewis,https://lastfm.freetls.fastly.net/i/u/avatar170s/0ca79390692a4cc3cccdfbed11b321fb.jpg
Madeon,https://lastfm.freetls.fastly.net/i/u/avatar170s/69ad4e7a3be5625334f56a5d6e5f9b77.jpg
Magnolia Park,https://lastfm.freetls.fastly.net/i/u/avatar170s/6cae30652770657ad5346afbe9e3ab39.jpg
Mal Devisa,https://lastfm.freetls.fastly.net/i/u/avatar170s/4a0c039b09d7274a19f34f6c3a57cdf7.jpg
Manchester Orchestra,https://lastfm.freetls.fastly.net/i/u/avatar170s/0957241655a0bdca54435e964e67fa85.jpg
Maria Taylor,https://lastfm.freetls.fastly.net/i/u/avatar170s/c974c04c0a0a4d80a5e2040367184774.jpg
Marmalakes,https://lastfm.freetls.fastly.net/i/u/avatar170s/61c9c6ab7e784ce4b3679ce524e2ecee.jpg
Mates of State,https://lastfm.freetls.fastly.net/i/u/avatar170s/e5dc089e455f4cd0ac9d051f767e380d.jpg
Mating Ritual,https://lastfm.freetls.fastly.net/i/u/avatar170s/f335b153233e87332bf5c5a2511b7b05.jpg
Matt Costa,https://lastfm.freetls.fastly.net/i/u/avatar170s/d8f4b29cd914e5e0ebef8401f60c93c3.jpg
Maylene and the Sons of Disaster,https://lastfm.freetls.fastly.net/i/u/avatar170s/621ae68eb41f46dfa9cadd6d9212829e.jpg
Meg & Dia,https://lastfm.freetls.fastly.net/i/u/avatar170s/922986f64494662ec5d6a990589a043e.jpg
mewithoutYou,https://lastfm.freetls.fastly.net/i/u/avatar170s/70f4763e44ed801188cc87282d2f81e3.jpg
Minus the Bear,https://lastfm.freetls.fastly.net/i/u/avatar170s/b67e3ed599264d08bd39af647b82a7ed.jpg
Miss May I,https://lastfm.freetls.fastly.net/i/u/avatar170s/ed29eb1f53f3698d23006a2d4abbb4c6.jpg
MisterWives,https://lastfm.freetls.fastly.net/i/u/avatar170s/c7d1d0b4c71513ba9a233b1fd4c10841.jpg
Mobley,https://lastfm.freetls.fastly.net/i/u/avatar170s/994c02183e5848a99ce5ef4b175cc158.jpg
Modern English,https://lastfm.freetls.fastly.net/i/u/avatar170s/c41e253f0ef0433e8ed5adc655eae1a0.jpg
Monarchs,https://lastfm.freetls.fastly.net/i/u/avatar170s/246b9b1ecb524ba79cbdc7682abb6c6e.jpg
Moneen,https://lastfm.freetls.fastly.net/i/u/avatar170s/c8d02ce7b40a4a56a93dbd3bb8f4a568.jpg
Moon Taxi,https://lastfm.freetls.fastly.net/i/u/avatar170s/027afda50da3177cb0808b28e94b56ee.jpg
Mother Falcon,https://lastfm.freetls.fastly.net/i/u/avatar170s/b4c523f210af2717bcef95f62ebae363.jpg
Mouth of the Architect,https://lastfm.freetls.fastly.net/i/u/avatar170s/512bc927a5874d5da978e471ab65b967.jpg
Moving Mountains,https://lastfm.freetls.fastly.net/i/u/avatar170s/04a31063514149549ecbdcdfe518570c.jpg
MOVING PANORAMAS,https://lastfm.freetls.fastly.net/i/u/avatar170s/61038ed80948ebb287ff1d336b3bc85d.jpg
Music Band,https://lastfm.freetls.fastly.net/i/u/avatar170s/3c5566f2dbbd20bd1c0de6d854c757de.jpg
MUTEMATH,https://lastfm.freetls.fastly.net/i/u/avatar170s/7d56f2d959ad8f8fcc3bba8aeac45ce8.jpg
Muuy Biien,https://lastfm.freetls.fastly.net/i/u/avatar170s/8fd9ee2591cb40bbb32649f24810c371.jpg
My Brightest Diamond,https://lastfm.freetls.fastly.net/i/u/avatar170s/e3a1d732d2d0aaa375dc3f2487c6afaa.jpg
Naked Giants,https://lastfm.freetls.fastly.net/i/u/avatar170s/1d266e3bd1059f2b2bb69fe653744294.jpg
Natalie Portman's Shaved Head,https://lastfm.freetls.fastly.net/i/u/avatar170s/dc33460bf1234ab8a22333315b4c9890.jpg
Neon Indian,https://lastfm.freetls.fastly.net/i/u/avatar170s/cfda93a5f0284e7ea14c180ea2b53e6b.jpg
New Faces,https://lastfm.freetls.fastly.net/i/u/avatar170s/0867921b6352426b93719ca661ea8bbb.jpg
Night Drive,https://lastfm.freetls.fastly.net/i/u/avatar170s/ca8aa3c8acbc4c4f9986a2cd77b5aad1.jpg
Night Moves,https://lastfm.freetls.fastly.net/i/u/avatar170s/9e52ad02ca336bc416dbb00a3a9f767c.jpg
Nnamdi Ogbonnaya,https://lastfm.freetls.fastly.net/i/u/avatar170s/13e7d1fb9e3aae88ba87c7b612ad7beb.jpg
NO,https://lastfm.freetls.fastly.net/i/u/avatar170s/3fa8b3c517074e53ce9835e4363fadbf.jpg
Of Monsters and Men,https://lastfm.freetls.fastly.net/i/u/avatar170s/2754c8fc5c564f8285b704bdf71ccd35.jpg
"Oh, Sleeper",https://lastfm.freetls.fastly.net/i/u/avatar170s/5048dc5542194cd5aa1d47b4785f4cee.jpg
Orthy,https://lastfm.freetls.fastly.net/i/u/avatar170s/1c0ad1f100aa4644b12ac2d416cb3f61.jpg
oso oso,https://lastfm.freetls.fastly.net/i/u/avatar170s/0cc8ccbe50f7846642e6a989576052f0.jpg
Our Last Night,https://lastfm.freetls.fastly.net/i/u/avatar170s/9f485d93e8429de40b80c2df230e91b3.jpg
Panama Wedding,https://lastfm.freetls.fastly.net/i/u/avatar170s/a8e4fe0af84b45b0c5e040d441dbd3e4.jpg
Paramore,https://lastfm.freetls.fastly.net/i/u/avatar170s/41264a66ebbf949df3482c5d6e83a675.jpg
Parlour Tricks,https://lastfm.freetls.fastly.net/i/u/avatar170s/773e6ff1f254413fb76b4f126819af0c.jpg
Party Nails,https://lastfm.freetls.fastly.net/i/u/avatar170s/e795312f1ce37ed785bb4d239d0628d3.jpg
Pash,https://lastfm.freetls.fastly.net/i/u/avatar170s/65dedae7ff244033ac741fe6ff68e2eb.jpg
Passenger,https://lastfm.freetls.fastly.net/i/u/avatar170s/4d61a2bdf86446539f5eaa5160cef4ca.jpg
Past Lives,https://lastfm.freetls.fastly.net/i/u/avatar170s/7390018319604b7a992603620cf47a91.jpg
Pedro the Lion,https://lastfm.freetls.fastly.net/i/u/avatar170s/15f427845784423197761d03529f1a97.jpg
Phantogram,https://lastfm.freetls.fastly.net/i/u/avatar170s/82b0d237603ca26d4e442cf3c29c7df4.jpg
Phantom Planet,https://lastfm.freetls.fastly.net/i/u/avatar170s/7233260aa2cc425c9d4a5a91580835dc.jpg
Poliça,https://lastfm.freetls.fastly.net/i/u/avatar170s/b5a6cbe1cabc4e0d84773e441ae4ef6f.jpg
Portugal. The Man,https://lastfm.freetls.fastly.net/i/u/avatar170s/d308aa59eb5b466b8db1184120ccb045.jpg
Purity Ring,https://lastfm.freetls.fastly.net/i/u/avatar170s/1e48bab2ddafd1d6043fc9a2c9030c53.jpg
PVRIS,https://lastfm.freetls.fastly.net/i/u/avatar170s/8289119d33e94ac1169b30738586f283.jpg
Quiet Company,https://lastfm.freetls.fastly.net/i/u/avatar170s/198e4893c12f4d7296be50ed6392bc81.jpg
Ra Ra Riot,https://lastfm.freetls.fastly.net/i/u/avatar170s/cadaaa3b61b4473d95576959f8f315fc.jpg
Real Estate,https://lastfm.freetls.fastly.net/i/u/avatar170s/5fd105641de947eaabe3b18c37ebfe4e.jpg
Reggie and the Full Effect,https://lastfm.freetls.fastly.net/i/u/avatar170s/62620d3333fe4a9980cd873dd2892ee7.jpg
Robbery Inc.,https://lastfm.freetls.fastly.net/i/u/avatar170s/dbd802e8eb2b80cf9f30ef3d91bc5195.jpg
Robert Delong,https://lastfm.freetls.fastly.net/i/u/avatar170s/2c75c32750f7492b8cfaa60199885281.jpg
Robert Ellis,https://lastfm.freetls.fastly.net/i/u/avatar170s/9d30f6034ba53883dd88fee96f6f4150.jpg
Roto's Magic Act,https://lastfm.freetls.fastly.net/i/u/avatar170s/527d2c7e28b14ec6cee364e5823f4d02.jpg
RUMTUM,https://lastfm.freetls.fastly.net/i/u/avatar170s/214d617af46340cb913fc518cbba1b1a.jpg
Russian Circles,https://lastfm.freetls.fastly.net/i/u/avatar170s/8acadbb8b5e04806c8a2ae8562028062.jpg
SALES,https://lastfm.freetls.fastly.net/i/u/avatar170s/552272d4f03055fb4192bb9fc5382ac2.jpg
Sam Doores + Riley Downing & the Tumbleweeds,https://lastfm.freetls.fastly.net/i/u/avatar170s/f1960b078b6344569c4465f79262eac4.jpg
Sam Roberts,https://lastfm.freetls.fastly.net/i/u/avatar170s/88ab6d61812d430bac3747d4bcf6b5c7.jpg
Sammus,https://lastfm.freetls.fastly.net/i/u/avatar170s/c2a8cab6f0204a41a7e51940cab193e2.jpg
Saosin,https://lastfm.freetls.fastly.net/i/u/avatar170s/0561e20ad076a21be41475ad12eb1571.jpg
Say Anything,https://lastfm.freetls.fastly.net/i/u/avatar170s/d55db9292556445b935dd8fba0068391.jpg
Scars on 45,https://lastfm.freetls.fastly.net/i/u/avatar170s/ea182f26b00b7c5cb0cce26e6908eeb7.jpg
Scott Patterson's SMITHRADIO,https://lastfm.freetls.fastly.net/i/u/avatar170s/9a295c1b68381d9a5c2d8216bac11687.jpg
Senses Fail,https://lastfm.freetls.fastly.net/i/u/avatar170s/39c55e29ba7028937f5af0a816bfadfb.jpg
Sigur Rós,https://lastfm.freetls.fastly.net/i/u/avatar170s/ec18e551a4a14b36aad9a06af3857913.jpg
Silent Diane,https://lastfm.freetls.fastly.net/i/u/avatar170s/c4c4975500674c63bb43a36cafe60915.jpg
Silverstein,https://lastfm.freetls.fastly.net/i/u/avatar170s/91c7e6404889d7ee289b105b3079988e.jpg
Sip Sip,https://lastfm.freetls.fastly.net/i/u/avatar170s/c692119edcab4c33b8d084b10dfffd6d.jpg
Sister Sparrow and The Dirty Birds,https://lastfm.freetls.fastly.net/i/u/avatar170s/57e0dec26b274769820b69e3f930d673.jpg
Sky Eats Airplane,https://lastfm.freetls.fastly.net/i/u/avatar170s/eb862f73221545ed9eab267ac1f3f116.jpg
Sky Ferreira,https://lastfm.freetls.fastly.net/i/u/avatar170s/918c678b501f401a982ea9ae3a14e853.jpg
Skylar Spence,https://lastfm.freetls.fastly.net/i/u/avatar170s/5f79f85639c34b93cb599ec49a6733a8.jpg
Sleepy Eyes of Death,https://lastfm.freetls.fastly.net/i/u/avatar170s/c5344771476940899dc93301261265c5.jpg
Sleigh Bells,https://lastfm.freetls.fastly.net/i/u/avatar170s/613c544b1d2a42359f2234b55190c7b2.jpg
Smile Brigade,https://lastfm.freetls.fastly.net/i/u/avatar170s/6fd72d64bd6c4bcaa00930db2c23ffc5.jpg
Sontalk,https://lastfm.freetls.fastly.net/i/u/avatar170s/557b88bb047f1a664ee632359f9b7efb.jpg
Souvenirs,https://lastfm.freetls.fastly.net/i/u/avatar170s/6ec9684b32154803bbfc302ea477bf5f.jpg
Spoon,https://lastfm.freetls.fastly.net/i/u/avatar170s/e507f4fb23a1aefb2c1925f192553642.jpg
Stars,https://lastfm.freetls.fastly.net/i/u/avatar170s/3c82297145fb40b39b9795810f04071d.jpg
Stereo is a Lie,https://lastfm.freetls.fastly.net/i/u/avatar170s/9421bd4ce89e498c8f98854c8724b4cc.jpg
Streets of Laredo,https://lastfm.freetls.fastly.net/i/u/avatar170s/f8454497af53463c970f567179cfe876.jpg
STRFKR,https://lastfm.freetls.fastly.net/i/u/avatar170s/793b1a853908558bd0ac98b738638c6e.jpg
Sun Seeker,https://lastfm.freetls.fastly.net/i/u/avatar170s/e7d74068698a51e60a126ab2b04828fe.jpg
Surfer Blood,https://lastfm.freetls.fastly.net/i/u/avatar170s/79e184570cb747b2827fb828c81b82c8.jpg
SURVIVE,https://lastfm.freetls.fastly.net/i/u/avatar170s/6cc1ba5b3064443e9e83d52d28215534.jpg
Syml,https://lastfm.freetls.fastly.net/i/u/avatar170s/f18839186ecd607324027859f1e5a2bb.jpg
Tera Melos,https://lastfm.freetls.fastly.net/i/u/avatar170s/ac3d1f735ef240d097598936024be99f.jpg
The 1975,https://lastfm.freetls.fastly.net/i/u/avatar170s/279aaf896171a57f09b1196bf9deec40.jpg
The Almost,https://lastfm.freetls.fastly.net/i/u/avatar170s/a800e89457304abb8cb8c1bdeec71980.jpg
The Black and White Years,https://lastfm.freetls.fastly.net/i/u/avatar170s/a1abcc1a7ac8a97cfb0af814c95570a3.jpg
The Britanys,https://lastfm.freetls.fastly.net/i/u/avatar170s/3d96fa23ebf967d54ed1193bbd3e57d8.jpg
The Commonheart,https://lastfm.freetls.fastly.net/i/u/avatar170s/430a41c935a87ca64b56bd68d99b96f7.jpg
The Cringe,https://lastfm.freetls.fastly.net/i/u/avatar170s/7c85159420181a57d3511d6e2457aa95.jpg
The Dear Hunter,https://lastfm.freetls.fastly.net/i/u/avatar170s/703ee0cbb6a16402f04aee131109fccd.jpg
The Decemberists,https://lastfm.freetls.fastly.net/i/u/avatar170s/b19ecb40c881459db02794debd1db91f.jpg
The Devil Wears Prada,https://lastfm.freetls.fastly.net/i/u/avatar170s/5eb06e5d704214318abf5b0d2706806c.jpg
The Faint,https://lastfm.freetls.fastly.net/i/u/avatar170s/0c47bd5805214d50afaa61bf2927b68e.jpg
The Fall of Troy,https://lastfm.freetls.fastly.net/i/u/avatar170s/11a4dc53cb9d4865969b1453cf191a9c.jpg
The Head,https://lastfm.freetls.fastly.net/i/u/avatar170s/9ffa8ed36d8748d3baa2127dcdb70bfd.jpg
The Head and the Heart,https://lastfm.freetls.fastly.net/i/u/avatar170s/4698f30495de923efa359bceed8b0ea0.jpg
The Hotelier,https://lastfm.freetls.fastly.net/i/u/avatar170s/a20cd1dd8da04f14cff1e42793adcb50.jpg
The Lumineers,https://lastfm.freetls.fastly.net/i/u/avatar170s/932e74e767cf796f15f661eaf4984210.jpg
The Mastersons,https://lastfm.freetls.fastly.net/i/u/avatar170s/a81064a956ed4552be4782eb4ea139d9.jpg
The Mowgli's,https://lastfm.freetls.fastly.net/i/u/avatar170s/400bd3d8a5744b5ab106d851a2ddf003.jpg
The Naked and Famous,https://lastfm.freetls.fastly.net/i/u/avatar170s/aaa57535226e6f7b6e845aaff6b909b2.jpg
The Octopus Project,https://lastfm.freetls.fastly.net/i/u/avatar170s/c6e16f8310d143d5a27719d5925974b6.jpg
The Polyphonic Spree,https://lastfm.freetls.fastly.net/i/u/avatar170s/d21d1a809b42450287ce5cb0e309b4d6.jpg
The Revivalists,https://lastfm.freetls.fastly.net/i/u/avatar170s/309bf15bc0740ccb1bc409a41fb465ac.jpg
The Saturday Knights,https://lastfm.freetls.fastly.net/i/u/avatar170s/07997f20025342189269b6025a88a335.jpg
The Sidekicks,https://lastfm.freetls.fastly.net/i/u/avatar170s/0d38c583f2dfee0d60bcb7ba84688b0f.jpg
The Strumbellas,https://lastfm.freetls.fastly.net/i/u/avatar170s/de2cf6241f7d574c7db7a031d17bd306.jpg
The Teskey Brothers,https://lastfm.freetls.fastly.net/i/u/avatar170s/a76f4a8808f222865175121617318206.jpg
The Tontons,https://lastfm.freetls.fastly.net/i/u/avatar170s/b8bc18c1a7ba4085a128307eb1470529.jpg
The Weeks,https://lastfm.freetls.fastly.net/i/u/avatar170s/d0414d37118e46968b3bf8a6c09dd642.jpg
The Whigs,https://lastfm.freetls.fastly.net/i/u/avatar170s/3ad6086adbb7441ba621dd79bd9eb310.jpg
The Whispertown 2000,https://lastfm.freetls.fastly.net/i/u/avatar170s/1619836fb5c84efe85b7da3d0384d08a.jpg
The White Oaks,https://lastfm.freetls.fastly.net/i/u/avatar170s/1ca71e8560b946f48d1e091373ebf959.jpg
The Wild Feathers,https://lastfm.freetls.fastly.net/i/u/avatar170s/11e83f9600b04c7e40583a671f2cbc68.jpg
Theophilus London,https://lastfm.freetls.fastly.net/i/u/avatar170s/09ef8d16be6f4763ad4f98218002205f.jpg
These Arms are Snakes,https://lastfm.freetls.fastly.net/i/u/avatar170s/bc735be04a76432eb6ec6caf8e6ee243.jpg
This Wild Life,https://lastfm.freetls.fastly.net/i/u/avatar170s/a9184476613542c7c29286cb5d286e10.jpg
tiLLie,https://lastfm.freetls.fastly.net/i/u/avatar170s/286942ef0428b51b00764ede9c8bc5da.jpg
Tilly and the Wall,https://lastfm.freetls.fastly.net/i/u/avatar170s/25306562c19a46f1871373823188a90a.jpg
Tiny Moving Parts,https://lastfm.freetls.fastly.net/i/u/avatar170s/112df2aa5a4973c60da7f9df1a81ddba.jpg
Topaz Jones,https://lastfm.freetls.fastly.net/i/u/avatar170s/f3d4d3a8b3b02641ed95fc326c14d2c1.jpg
TORRES,https://lastfm.freetls.fastly.net/i/u/avatar170s/ab57122bebd5454f6961cb2c605c73a7.jpg
Train,https://lastfm.freetls.fastly.net/i/u/avatar170s/153a352d9a9647978d1e06472801c884.jpg
Travis,https://lastfm.freetls.fastly.net/i/u/avatar170s/e564b4a1ce088fb46c3e3aa01653e02b.jpg
tUnE-yArDs,https://lastfm.freetls.fastly.net/i/u/avatar170s/9ab1ab794a1b4bb7cbc6e5b889730552.jpg
TV on the Radio,https://lastfm.freetls.fastly.net/i/u/avatar170s/7bae2535dbb64134b76500743087bd48.jpg
Twin Atlantic,https://lastfm.freetls.fastly.net/i/u/avatar170s/8190b5ede7761ca2db7d0b7203f982a1.jpg
Upon a Burning Body,https://lastfm.freetls.fastly.net/i/u/avatar170s/06bf7501fca5ad9dd203a88223e5be93.jpg
Varsity,https://lastfm.freetls.fastly.net/i/u/avatar170s/37137e69447e5d54f06d5e1419260621.jpg
Vinyl Thief,https://lastfm.freetls.fastly.net/i/u/avatar170s/7af7e46f448515799393cfd9e3811157.jpg
Vundabar,https://lastfm.freetls.fastly.net/i/u/avatar170s/6ee30d47620a0492b0d048937e708026.jpg
Walk the Moon,https://lastfm.freetls.fastly.net/i/u/avatar170s/ae853bc3d9e56a5f51afca0bc4ed9c84.jpg
Walking Shapes,https://lastfm.freetls.fastly.net/i/u/avatar170s/c377861ecd0e45e0c5fbac6a47c4db6f.jpg
We Came As Romans,https://lastfm.freetls.fastly.net/i/u/avatar170s/d82789c2a7f8b55a76fbee787fc2df9c.jpg
Wesafari,https://lastfm.freetls.fastly.net/i/u/avatar170s/da58d210a53e4fb0a0dd5ab6181b4782.jpg
Whiskey Shivers,https://lastfm.freetls.fastly.net/i/u/avatar170s/5626d082dfd440c3a089d1200a130ed0.jpg
Whitney Rose,https://lastfm.freetls.fastly.net/i/u/avatar170s/5a64fb523d9b48773de28d3d98abcb4a.jpg
Wild Cub,https://lastfm.freetls.fastly.net/i/u/avatar170s/f65124566c3a41c323c4434641cead83.jpg
Wild Sweet Orange,https://lastfm.freetls.fastly.net/i/u/avatar170s/b1e23258a88d4e8e80170fff5642be3c.jpg
Wildcat! Wildcat!,https://lastfm.freetls.fastly.net/i/u/avatar170s/c40c929ad46e43a2c3414f38112428b2.jpg
Willie Nelson,https://lastfm.freetls.fastly.net/i/u/avatar170s/20ec60e3db254114b264feddf25c29a6.jpg
YACHT,https://lastfm.freetls.fastly.net/i/u/avatar170s/3ef11065a5654f9fade71eff7f024f8e.jpg
Young Magic,https://lastfm.freetls.fastly.net/i/u/avatar170s/a785ac1876be420f9c63ad69cf84111e.jpg
Youngblood Hawke,https://lastfm.freetls.fastly.net/i/u/avatar170s/0f30c502afae452aaacc667bedb51dba.jpg
Your Smith,https://lastfm.freetls.fastly.net/i/u/avatar170s/41209aebfc5ba01072959c8f2734e732.jpg
